{"stats":{"minecraft:used":{"minecraft:stone_bricks":1,"minecraft:stone_shovel":4,"minecraft:stone_pickaxe":2},"minecraft:mined":{"minecraft:sand":4,"minecraft:stone_bricks":2},"minecraft:custom":{"minecraft:time_since_rest":16024,"minecraft:open_chest":4,"minecraft:crouch_one_cm":24,"minecraft:sprint_one_cm":6612,"minecraft:play_time":16024,"minecraft:damage_taken":100,"minecraft:walk_one_cm":6874,"minecraft:sneak_time":814,"minecraft:walk_under_water_one_cm":4078,"minecraft:drop":1,"minecraft:jump":143,"minecraft:leave_game":2,"minecraft:walk_on_water_one_cm":2534,"minecraft:time_since_death":16024,"minecraft:total_world_time":16024,"minecraft:fall_one_cm":5678,"minecraft:fly_one_cm":186897},"minecraft:dropped":{"pointblank:m1911a1":1},"minecraft:picked_up":{"pointblank:m1911a1":1,"minecraft:stone_bricks":2,"minecraft:sand":4}},"DataVersion":3465}