{
  "create:root": {
    "criteria": {
      "0": "2024-06-19 22:59:05 -0600"
    },
    "done": true
  },
  "minecraft:recipes/decorations/crafting_table": {
    "criteria": {
      "unlock_right_away": "2024-06-19 22:59:23 -0600"
    },
    "done": true
  },
  "betterdungeons:root": {
    "criteria": {
      "always": "2024-06-19 22:59:23 -0600"
    },
    "done": true
  },
  "farmersdelight:main/root": {
    "criteria": {
      "seeds": "2024-06-19 22:59:05 -0600"
    },
    "done": true
  },
  "DataVersion": 3465
}